ID,Наименование,Ссылка,Регулярная цена,Промо цена,Бренд
155222,"Holistic Сухой корм для щенков, с ягненком и лососем, 11,2 кг",https://4lapy.ru//catalog/sobaki/korm-sobaki/sukhoy-korm-sobaki/holistic-suhoy-korm-dlya-shchenkov-s-yagnenkom-i-lososem-2-7-kg.html?offer=146401,[''],2375,Grandin
44097,"Premium Fresh Meat Adult сухой корм для собак всех пород старше 1 года, с лососем и рисом, 12 кг",https://4lapy.ru//catalog/sobaki/korm-sobaki/sukhoy-korm-sobaki/Avva_Premium_Fresh_Meat_suhoy_korm_dlya_sobak_vseh_porodososris.html?offer=44103,['5499'],1599,Aвва
117415,"Natural Ingredients Сухой корм для щенков крупных пород, с курицей, 12 кг",https://4lapy.ru//catalog/sobaki/korm-sobaki/sukhoy-korm-sobaki/avva-korm-dlya-shchenkov-krupnyh-porod-s-kuricey-mesh-12kg.html?offer=117416,['4999'],1054,Aвва
151182,"Prime Mini Корм сухой беззерновой для собак мелких пород, с курицей и индейкой, 1 кг",https://4lapy.ru//catalog/sobaki/korm-sobaki/sukhoy-korm-sobaki/gf-prime-korm-suhoy-dlya-sobak-melkih-porod-s-kuricey-i-indeykoy.html?offer=124640,['1099'],532,Ownat
147003,Regional Grassland Корм сухой для собак,https://4lapy.ru//catalog/sobaki/korm-sobaki/sukhoy-korm-sobaki/regional-grassland-korm-suhoy-dlya-sobak.html?offer=147005,[''],1434,Dog & Dog Wild
124634,"Adult Grain Free Сухой корм беззерновой для взрослых собак, с ягненком, 14 кг",https://4lapy.ru//catalog/sobaki/korm-sobaki/sukhoy-korm-sobaki/ownat-gf-just-korm-suhoy-dlya-vzroslyh-sobak-s-yagnenkom-14-kg.html?offer=124635,[''],1799,Ownat
135839,"Hypoallergenic Гипоаллергенный сухой корм для собак всех пород, ягненок, 11,2 кг",https://4lapy.ru//catalog/sobaki/korm-sobaki/sukhoy-korm-sobaki/gipoallergennyy-suhoy-korm-dlya-sobak-vseh-porod-yagnenok-11-2kg.html?offer=135840,[''],2909,Grandin
43596,"Premium Adult сухой корм для собак всех пород старше 1 года, с ягненком и рисом, 12 кг",https://4lapy.ru//catalog/sobaki/korm-sobaki/sukhoy-korm-sobaki/Avva_Premium_suhoy_korm_dlya_sobak_vseh_porod_yagnenokris.html?offer=45768,['4899'],1178,Aвва
155221,"Holistic Сухой корм для собак средних и крупных пород, с ягненком, 11,2 кг",https://4lapy.ru//catalog/sobaki/korm-sobaki/sukhoy-korm-sobaki/holistic-suhoy-korm-dlya-sobak-srednih-i-krupnyh-porod-s-yagnenkom-11-2-kg.html?offer=140805,[''],3394,Grandin
91550,"Premium Sensitive Adult All Breeds Сухой корм для взрослых собак всех пород с чувствительным пищеварением, индейка и рис, 12 кг",https://4lapy.ru//catalog/sobaki/korm-sobaki/sukhoy-korm-sobaki/korm-dlya-vzroslyh-sobak-vseh-porod-s-chuvstvitelnym-pishchevareniem-indeykai-ris-3kg.html?offer=91553,[''],1090,Aвва
117428,"Maxi Adult Ultra Сухой корм для собак крупных пород, с курицей и индейкой, 14 кг",https://4lapy.ru//catalog/sobaki/korm-sobaki/sukhoy-korm-sobaki/ownat-ultra-korm-dlya-sobak-krupnyh-porod-s-kuricey-i-indeykoy-pak-3kg.html?offer=117430,[''],2394,Ownat
117412,"Natural Ingredients Сухой корм для взрослых собак с ягненком и рисом, 12 кг",https://4lapy.ru//catalog/sobaki/korm-sobaki/sukhoy-korm-sobaki/avva-korm-dlya-vzroslyh-sobak-s-yagnenkom-i-risom-mesh-12kg.html?offer=117413,[''],1454,Aвва
44101,"Premium Grain Free Adult сухой корм для собак всех пород старше 1 года, с ягненком и картофелем, 12 кг",https://4lapy.ru//catalog/sobaki/korm-sobaki/sukhoy-korm-sobaki/Avva_Premium_Grain_Free_bezzernovoy_suhoy_korm_dlya_sobak_vseh_porod_yagnenokkartofel.html?offer=44117,['5999'],1667,Aвва
44099,"Premium Fresh Meat Adult сухой корм для собак всех пород старше 1 года, с ягненком и рисом, 12 кг",https://4lapy.ru//catalog/sobaki/korm-sobaki/sukhoy-korm-sobaki/Avva_Premium_Fresh_Meat_suhoy_korm_dlya_sobak_vseh_porod_yagnenokris.html?offer=44104,[''],1570,Aвва
117426,"Grain Free Just Сухой корм беззерновой для собак, с лососем и морепродуктами, 3 кг",https://4lapy.ru//catalog/sobaki/korm-sobaki/sukhoy-korm-sobaki/ownat-just-korm-dlya-sobak-bezzernovoy-s-lososem-i-moreproduktami-pak-3kg.html?offer=117427,[''],2255,Ownat
82142,"All Breeds Hypoallergenic корм для взрослых собак, склонных к аллергическим реакциям и расстройствам пищеварения, с лососем и тунцом, 2,5 кг",https://4lapy.ru//catalog/sobaki/korm-sobaki/sukhoy-korm-sobaki/monge-dog-speciality-hypoallergenic-korm-dlya-sobak-gipoallergennyy-losos1.html?offer=81125,[''],2363,Monge
153897,"Корм сухой для собак средних и крупных пород, с ягненком и индейкой, 10 кг",https://4lapy.ru//catalog/sobaki/korm-sobaki/sukhoy-korm-sobaki/korm-suhoy-dlya-sobak-s-yagnenkom-i-indeykoy.html?offer=153898,[''],7250,Grandorf
151180,"Mini Grain Free Сухой корм беззерновой для собак мелких пород, с ягненком, 3 кг",https://4lapy.ru//catalog/sobaki/korm-sobaki/sukhoy-korm-sobaki/prime-korm-dlya-sobak-melkih-porod-bezzernovoy-s-yagnenkom.html?offer=124642,[''],571,Ownat
82177,"All Breeds Adult корм для взрослых собак всех пород, с ягненком, рисом и картофелем, 12 кг",https://4lapy.ru//catalog/sobaki/korm-sobaki/sukhoy-korm-sobaki/monge-dog-speciality-korm-dlya-sobak-vseh-porod-yagnenok-s-risom-ikartofelem-12-kg.html?offer=82178,[''],9103,Monge
120035,"Vet Life UltraHypo диетический сухой корм для собак, гипоаллергенный, 2кг",https://4lapy.ru//catalog/sobaki/korm-sobaki/sukhoy-korm-sobaki/vet-life-natural-diet-dog-ultrahypo-2-kg.html?offer=120036,[''],3073,Farmina
112536,"Сухой корм для взрослых собак мелких пород, ягненок с индейкой, 3 кг",https://4lapy.ru//catalog/sobaki/korm-sobaki/sukhoy-korm-sobaki/suhoy-korm-grandorf-dlya-vzroslyh-sobak-melkih-porod-yagnenok-s-risom-1kg.html?offer=112538,[''],1139,Grandorf
153899,"Корм сухой для собак крупных пород, с ягненком и индейкой, 10 кг",https://4lapy.ru//catalog/sobaki/korm-sobaki/sukhoy-korm-sobaki/korm-suhoy-dlya-sobak-s-yagnenkom-i-indeykoy1.html?offer=153900,[''],7250,Grandorf
112548,"Сухой корм для взрослых собак мелких пород, четыре вида мяса, 3 кг",https://4lapy.ru//catalog/sobaki/korm-sobaki/sukhoy-korm-sobaki/suhoy-korm-grandorf-dlya-vzroslyh-sobak-melkih-porod-chetyre-vida-myasa-s-burym-risom-1kg.html?offer=112550,[''],1201,Grandorf
43594,"Premium Adult Large сухой корм для собак крупных пород старше 1 года, с курицей, 12 кг",https://4lapy.ru//catalog/sobaki/korm-sobaki/sukhoy-korm-sobaki/Avva_Premium_suhoy_korm_dlya_sobak_krupnyh_porod_kuritsa.html?offer=45767,[''],1017,Aвва
120033,"Vet Life Gastrointestinal диетический сухой корм для собак, при заболеваниях ЖКТ, с курицей, 2кг",https://4lapy.ru//catalog/sobaki/korm-sobaki/sukhoy-korm-sobaki/vet-life-natural-diet-dog-gastro-intestinal-2-kg.html?offer=120034,[''],2342,Farmina
112539,"Сухой корм для взрослых собак средних и крупных пород, ягненок с индейкой, 3 кг",https://4lapy.ru//catalog/sobaki/korm-sobaki/sukhoy-korm-sobaki/suhoy-korm-grandorf-dlya-vzroslyh-sobak-vseh-porod-yagnenok-s-risom-3kg.html?offer=112540,[''],2637,Grandorf
146412,"Maxi сухой корм для собак крупных пород с ягненком, рисом и бобами, 12 кг",https://4lapy.ru//catalog/sobaki/korm-sobaki/sukhoy-korm-sobaki/korm-suhoy-dlya-sobak-krupnyh-porod-s-yagnenkom-risom-i-bobami.html?offer=146414,[''],1605,UNICA
138291,"Adult Classic Сухой корм для собак, с уткой, 15 кг",https://4lapy.ru//catalog/sobaki/korm-sobaki/sukhoy-korm-sobaki/ownat-classic-korm-sukhoy-dlya-sobak-s-utkoy.html?offer=138294,[''],1906,Ownat
119930,"N&D PUMPKIN сухой корм для собак средних и крупных пород, с ягненком, тыквой и черникой, 12кг",https://4lapy.ru//catalog/sobaki/korm-sobaki/sukhoy-korm-sobaki/farmina-n-d-dog-gf-pumpkin-lamb-blueberry-adult-medium-maxi-2-5-kg.html?offer=119932,[''],3432,Farmina
117409,"Natural Ingredients Сухой корм для взрослых собак крупных пород, с курицей, 12 кг",https://4lapy.ru//catalog/sobaki/korm-sobaki/sukhoy-korm-sobaki/avva-korm-dlya-vzroslyh-sobak-krupnyh-porod-s-kuricey-mesh-12kg.html?offer=117410,[''],1415,Aвва
117433,"Medium Adult Ultra Сухой корм для собак средних пород, с ягненком и рисом, 3 кг",https://4lapy.ru//catalog/sobaki/korm-sobaki/sukhoy-korm-sobaki/ownat-ultra-korm-dlya-sobak-srednih-porod-s-yagnenkom-i-risom-pak-3kg.html?offer=117434,['2729'],2117,Ownat
42375,"Maxi Adult 26 корм для собак от 15 месяцев до 5 лет,15 кг",https://4lapy.ru//catalog/sobaki/korm-sobaki/sukhoy-korm-sobaki/Royal_Canin_Maxi_Adult_26_suhoy_korm_dlya_sobak_krupnyh_porod.html?offer=42376,[''],1915,Royal Canin
120029,"Vet Life Hypoallergenic диетический сухой корм для собак, гипоаллергенный, 2кг",https://4lapy.ru//catalog/sobaki/korm-sobaki/sukhoy-korm-sobaki/vet-life-natural-diet-dog-hypoallergenic-fish-potato-2-kg.html?offer=120030,[''],2705,Farmina
81126,"All Breeds Adult корм для взрослых собак всех пород, с ягненком, рисом и картофелем, 2,5 кг",https://4lapy.ru//catalog/sobaki/korm-sobaki/sukhoy-korm-sobaki/monge-dog-speciality-korm-dlya-sobak-vseh-porod-yagnenok-s-risom-i-kartofe.html?offer=81127,[''],2363,Monge
119926,"N&D PUMPKIN сухой корм для собак мелких пород, с ягненком, тыквой и черникой, 7кг",https://4lapy.ru//catalog/sobaki/korm-sobaki/sukhoy-korm-sobaki/farmina-n-d-dog-gf-pumpkin-lamb-blueberry-adult-mini-800-gr.html?offer=119929,[''],1353,Farmina
155219,"Сухой корм для взрослых собак мелких пород, с ягненком, 8 кг",https://4lapy.ru//catalog/sobaki/korm-sobaki/sukhoy-korm-sobaki/fresh-meat-suhoy-korm-dlya-sobak-melkih-porod-s-yagnenkom-1-5-kg.html?offer=146405,[''],464,Grandin
ID,Наименование,Ссылка,Регулярная цена,Промо цена,Бренд
82151,"Mini Adult корм для взрослых собак мелких пород, с ягненком, рисом и картофелем, 2,5 кг",https://4lapy.ru//catalog/sobaki/korm-sobaki/sukhoy-korm-sobaki/monge-dog-speciality-mini-korm-dlya-vzroslyh-sobak-melkih-porod-yagnenok-s1.html?offer=82152,[''],2363,Monge
42406,"Mini Adult корм для взрослых собак малых пород с 10 месяцев до 8 лет, 2 кг",https://4lapy.ru//catalog/sobaki/korm-sobaki/sukhoy-korm-sobaki/Royal_Canin_Mini_Adult_27_suhoy_korm_dlya_sobak_melkih_porodr.html?offer=42407,[''],482,Royal Canin
139889,"Premium Dog Adult Large and Giant сухой корм для собак крупных и гигантских пород с курицей, 15 кг",https://4lapy.ru//catalog/sobaki/korm-sobaki/sukhoy-korm-sobaki/premium-dog-adult-large-and-giant-s-kuricey-dlya-vzroslyh-sobak-krupnyh-i-gigantskih-porod.html?offer=139891,['4999'],1168,Brit
117435,"Maxi Junior Ultra Сухой корм для щенков крупных пород, с курицей и индейкой, 14 кг",https://4lapy.ru//catalog/sobaki/korm-sobaki/sukhoy-korm-sobaki/ownat-ultra-korm-dlya-shchenkov-krupnyh-porod-s-kuricey-i-indeykoy-pak-3kg.html?offer=117437,[''],2647,Ownat
42648,"Gastro Intestinal GI25 корм для собак при нарушении пищеварения, 2 кг",https://4lapy.ru//catalog/sobaki/korm-sobaki/sukhoy-korm-sobaki/Royal_Canin_Gastro_Intestinal_GI_korm_dieticheskiy_suhoy_dlya_sobak.html?offer=42649,[''],2598,Royal Canin
138285,"Adult Classic Корм сухой для собак, с рыбой, 4 кг",https://4lapy.ru//catalog/sobaki/korm-sobaki/sukhoy-korm-sobaki/ownat-classic-korm-sukhoy-dlya-sobak-s-ryboy.html?offer=138288,[''],1696,Ownat
124636,"Adult Grain Free Сухой корм для взрослых собак, с уткой, 14 кг",https://4lapy.ru//catalog/sobaki/korm-sobaki/sukhoy-korm-sobaki/ownat-gf-just-korm-suhoy-dlya-vzroslyh-sobak-s-utkoy-14-kg.html?offer=124637,[''],2264,Ownat
148092,"Premium Adult Сухой корм для собак крупных пород, курица, 12 кг",https://4lapy.ru//catalog/sobaki/korm-sobaki/sukhoy-korm-sobaki/avva-premium-suh-2kg-dlya-sobak-krupnyh-porod-kurica.html?offer=148094,[''],852,Aвва
138279,"Junior Classic Сухой корм для щенков, с курицей, 15 кг",https://4lapy.ru//catalog/sobaki/korm-sobaki/sukhoy-korm-sobaki/ownat-classic-korm-sukhoy-dlya-shchenkov-s-kuritsey-new2.html?offer=138282,[''],1465,Ownat
66437,"Medium Puppy корм для щенков средних пород 2-12 мес с 2 до 12 месяцев, 3 кг",https://4lapy.ru//catalog/sobaki/korm-sobaki/sukhoy-korm-sobaki/Royal_Canin_Medium_Junior_32_suhoy_korm_dlya_shchenkov.html?offer=79897,[''],2129,Royal Canin
113398,"Medium Sterilized Ultra Сухой корм для стерилизованных собак средних пород, 3 кг",https://4lapy.ru//catalog/sobaki/korm-sobaki/sukhoy-korm-sobaki/ownat-ultra-dlya-sterilizovannyh-sobak-srednih-porod-3-kg.html?offer=113399,[''],2662,Ownat
82158,"All Breeds Puppy and Junior корм для щенков всех пород, с ягненком ирисом, 2,5 кг",https://4lapy.ru//catalog/sobaki/korm-sobaki/sukhoy-korm-sobaki/monge-dog-speciality-puppy-junior-korm-dlya-shchenkov-vseh-porod-yagnenok-s-r.html?offer=82160,[''],949,Monge
148089,"Premium Puppy Сухой корм для щенков крупных пород, индейка, 12 кг",https://4lapy.ru//catalog/sobaki/korm-sobaki/sukhoy-korm-sobaki/avva-premium-suh-2kg-dlya-shchenkov-krupnyh-porod-indeyka.html?offer=148091,[''],901,Aвва
112533,"Сухой корм для юниоров всех пород, ягненок с индейкой, 3кг",https://4lapy.ru//catalog/sobaki/korm-sobaki/sukhoy-korm-sobaki/suhoy-korm-grandorf-dlya-yuniorov-vseh-porod-yagnenok-s-risom-3kg.html?offer=112534,[''],2637,Grandorf
155308,"Grain Free Hypoallergenic Корм сухой гипоаллергенный для собак с лососем, 12 кг",https://4lapy.ru//catalog/sobaki/korm-sobaki/sukhoy-korm-sobaki/gf-hypo-korm-suhoy-gipoallergennyy-dlya-sobak-s-lososem-3-kg.html?offer=155311,[''],3778,Ownat
43579,"Корм для собак всех пород старше 1 года, гипоаллергенный, с ягненком ирисом, 12 кг",https://4lapy.ru//catalog/sobaki/korm-sobaki/sukhoy-korm-sobaki/Nasha_Marka_suhoy_korm_dlya_sobak_vseh_sobak_yagnenokris.html?offer=85050,[''],707,Наша Марка
146415,"Mono All Breed сухой корм для собак всех пород с форелью, 12 кг",https://4lapy.ru//catalog/sobaki/korm-sobaki/sukhoy-korm-sobaki/korm-suhoy-dlya-sobak-vseh-porod-s-forelyu.html?offer=146416,[''],5285,UNICA
112530,"Сухой корм для щенков всех пород, с ягненком и индейкой, 1кг",https://4lapy.ru//catalog/sobaki/korm-sobaki/sukhoy-korm-sobaki/suhoy-korm-grandorf-dlya-shchenkov-vseh-porod-yagnenok-s-risom-1kg.html?offer=112531,[''],1139,Grandorf
42346,"Opti Digest сухой корм для взрослых собак для средних пород при чувствительном пищеварении с ягненком, 14 кг",https://4lapy.ru//catalog/sobaki/korm-sobaki/sukhoy-korm-sobaki/Pro_Plan_Adult_suhoy_korm_dlya_sobak_s_chuvstvitelnym_pishchevareniem_yagnenokris.html?offer=42347,['9169'],945,Pro Plan ®
42743,"Корм сухой для собак средних пород 11-25 кг., пак. 3 кг",https://4lapy.ru//catalog/sobaki/korm-sobaki/sukhoy-korm-sobaki/Royal_Canin_Medium_Adult_suhoy_korm_dlya_sobak_srednih_porod_ves_vzrosloy_osobi_ot_11_kg_do_25.html?offer=84191,[''],1692,Royal Canin
70932,"Science Plan Small Miniature сухой корм для собак мелких и миниатюрных пород старше 7 лет, с курицей, 1,5г",https://4lapy.ru//catalog/sobaki/korm-sobaki/sukhoy-korm-sobaki/hills_suhoy_korm_dlya_sobak_melkih_i_karlikovyh_porod_starshe_7_let_kuricey_1_5_kg.html?offer=42468,['1565'],357,Hill's
42461,"Science Plan Advanced Fitness сухой корм для собак мелких и средних пород, ягненок с рисом, 12кг",https://4lapy.ru//catalog/sobaki/korm-sobaki/sukhoy-korm-sobaki/Hills_Standard_suhoy_korm_dlya_sobak_yagnenokris.html?offer=45780,['9395'],2352,Hill's
81130,"Mini Adult корм для взрослых собак мелких пород, с ягненком, рисом и картофелем, 800 г",https://4lapy.ru//catalog/sobaki/korm-sobaki/sukhoy-korm-sobaki/monge-dog-speciality-mini-korm-dlya-vzroslyh-sobak-melkih-porod-yagnenok-s.html?offer=81131,[''],1033,Monge
42653,"Hypoallergenic HSD 24 Small Dog under 10kg для собак малых пород с пищевой aаллергией, 1 кг",https://4lapy.ru//catalog/sobaki/korm-sobaki/sukhoy-korm-sobaki/Royal_Canin_Hypoallergenicall_Dog_dieticheskiy_suhoy_korm_dlya_sobak.html?offer=42654,[''],1415,Royal Canin
42483,"Premium Adult Small Сухой корм для собак мелких пород старше 1 года, с ягненком и рисом, 1,5 кг",https://4lapy.ru//catalog/sobaki/korm-sobaki/sukhoy-korm-sobaki/Avva_Premium_suhoy_korm_dlya_sobak_melkih_porod_yagnenokris.html?offer=43592,[''],449,Aвва
148086,"Premium Adult Сухой корм для собак всех пород, ягненок и рис, 12 кг",https://4lapy.ru//catalog/sobaki/korm-sobaki/sukhoy-korm-sobaki/avva-premium-suh-2kg-dlya-sobak-vseh-porod-yagnenok-i-ris.html?offer=148088,[''],969,Aвва
143064,"Prescription Diet Metabolic сухой корм для собак для снижения и контроля веса с ягненком и рисом, 12 кг",https://4lapy.ru//catalog/sobaki/korm-sobaki/sukhoy-korm-sobaki/pd-meta-korm-d-sob-kor-vesa-yagn-12kg.html?offer=143065,['12805'],2540,Hill's
42640,"Hypoallergenic DR21 диета для собак с пищевой аллергией или непереносимостью, 2 кг",https://4lapy.ru//catalog/sobaki/korm-sobaki/sukhoy-korm-sobaki/Royal_Canin_Hypoallergenic_korm_dieticheskiy_suhoy_dlya_sobak_pri_allergii.html?offer=42647,[''],2749,Royal Canin
82097,"All Breeds Adult корм для взрослых собак всех пород, с говядиной и рисом, 12 кг",https://4lapy.ru//catalog/sobaki/korm-sobaki/sukhoy-korm-sobaki/monge-dog-all-breeds-beef-and-rice-korm-dlya-sobak-vseh-porod-govyadina-s.html?offer=82099,[''],2208,Monge
82147,"Mini Adult корм для взрослых собак мелких пород, с лососем и рисом, 2,5 кг",https://4lapy.ru//catalog/sobaki/korm-sobaki/sukhoy-korm-sobaki/monge-dog-speciality-mini-korm-dlya-vzroslyh-sobak-melkih-porod-losos-s.html?offer=82149,[''],1033,Monge
42377,"Maxi Junior 32 корм для щенков с 2 до 15 месяцев, 15 кг",https://4lapy.ru//catalog/sobaki/korm-sobaki/sukhoy-korm-sobaki/Royal_Canin_Maxi_Junior_32_korm_suhoy_korm_dlya_shchenkov_krupnyh_porod_do_15_mesyatsev.html?offer=42378,[''],2113,Royal Canin
119937,"N&D PUMPKIN сухой корм для щенков средних и крупных пород, с ягненком, тыквой и черникой, 12кг",https://4lapy.ru//catalog/sobaki/korm-sobaki/sukhoy-korm-sobaki/farmina-n-d-dog-gf-pumpkin-lamb-blueberry-puppy-medium-maxi-2-5-kg.html?offer=119939,[''],3432,Farmina
137258,"Mini низкозерновой сухой корм для взрослых собак мелких пород, с ягненком, спельтой, овсом и черникой, 2,5кг",https://4lapy.ru//catalog/sobaki/korm-sobaki/sukhoy-korm-sobaki/farmina-n-d-nizkozernovoy-dog-yagnenok-spelta-oves-i-chernika-dlya-vzroslyh-sobak-mini-800g.html?offer=137261,[''],1230,Farmina
147006,Regional Farm Корм сухой для собак,https://4lapy.ru//catalog/sobaki/korm-sobaki/sukhoy-korm-sobaki/regional-farm-korm-suhoy-dlya-sobak.html?offer=147008,[''],1240,Dog & Dog Wild
32192,"Veterinary Diets HA Hypoallergenic сухой корм для взрослых собак для снижения пищевой непереносимости ингредиентов и питательных веществ, 3 кг",https://4lapy.ru//catalog/sobaki/korm-sobaki/sukhoy-korm-sobaki/Korm_dlya_sobak_Purina_VetDieta_NA_pri_allergii_suh__pak__3kg_1000613.html?offer=32193,[''],4975,Purina
81128,"NS Speciality Line Mini Puppy & Junior With Lamb And Rice сухой корм для щенков мелких пород, с ягненком и рисом, 2,5кг",https://4lapy.ru//catalog/sobaki/korm-sobaki/sukhoy-korm-sobaki/monge-dog-speciality-mini-korm-dlya-shchenkov-melkih-porod-yagnenok-s-risom-2.html?offer=81129,[''],949,Monge
ID,Наименование,Ссылка,Регулярная цена,Промо цена,Бренд
42415,"Mini Puppy корм для щенков мелких пород в возрасте с 2 до 10 месяцев, 2 кг",https://4lapy.ru//catalog/sobaki/korm-sobaki/sukhoy-korm-sobaki/Royal_Canin_Mini_Junior_33_suhoy_korm_dlya_shchenkov_melkih_porod.html?offer=42417,[''],573,Royal Canin
146278,"Корм сухой для взрослых собак, с говядиной и овощами, 15 кг",https://4lapy.ru//catalog/sobaki/korm-sobaki/sukhoy-korm-sobaki/korm-suhoy-dlya-vzroslyh-sobak-s-govyadinoy-i-ovoshchami.html?offer=146280,[''],842,Sirius
95226,"Сухой корм для собак средних пород OptiDerma с чувствительной кожей, с высоким содержанием лосося 14 кг",https://4lapy.ru//catalog/sobaki/korm-sobaki/sukhoy-korm-sobaki/medium-adult-sensitive-skin-korm-dlya-sobak-srednih-porod-s-chuvstvitelnoy-kozhey-s-lososem.html?offer=48999,['9169'],1178,Pro Plan ®
42635,"Veterinary Diets EN Gastrointestinal сухой корм для щенков и взрослых собак при расстройствах пищеварения и экзокринной недостаточности поджелудочной железы, 1,5 кг",https://4lapy.ru//catalog/sobaki/korm-sobaki/sukhoy-korm-sobaki/Purina_Veterinary_Diets_EN_dieticheskiy_suhoy_korm_dlya_sobak_pri_GKT.html?offer=42636,[''],2449,Purina
31798,"Science Plan Advanced Fitness сухой корм для собак крупных пород, ягненок с рисом, 12кг",https://4lapy.ru//catalog/sobaki/korm-sobaki/sukhoy-korm-sobaki/Korm_dlya_sobak_krupnyh_porod_Hills_yagnenok_i_ris_mesh__12kg_1005397.html?offer=31799,['9395'],7290,Hill's
112545,"Сухой корм для взрослых собак средних и крупных пород, кролик с индейкой, 3 кг",https://4lapy.ru//catalog/sobaki/korm-sobaki/sukhoy-korm-sobaki/suhoy-korm-grandorf-dlya-vzroslyh-sobak-vseh-porod-krolik-s-kartofelem-1kg.html?offer=112547,[''],1201,Grandorf
147000,Regional Ocean Корм сухой для собак,https://4lapy.ru//catalog/sobaki/korm-sobaki/sukhoy-korm-sobaki/regional-ocean-korm-suhoy-dlya-sobak.html?offer=147002,[''],1599,Dog & Dog Wild
151186,"Mini Adult Ultra Сухой корм для собак мелких пород, с курицей и индейкой, 1 кг",https://4lapy.ru//catalog/sobaki/korm-sobaki/sukhoy-korm-sobaki/ultra-korm-dlya-sobak-melkih-porod-s-kuricey-i-indeykoy.html?offer=117432,[''],484,Ownat
137264,"Medium&Maxi низкозерновой сухой корм для взрослых собак средних и крупных пород, с ягненком, спельтой, овсом и черникой, 12кг",https://4lapy.ru//catalog/sobaki/korm-sobaki/sukhoy-korm-sobaki/farmina-n-d-nizkozernovoy-dog-yagnenok-spelta-oves-i-chernika-dlya-vzroslyh-sobak-medium-i-maksi-2-5kg.html?offer=137267,[''],2695,Farmina
137913,"Premium Dog Sensitive Корм для взрослых собак всех пород с чувствительным пищеварением, с ягненком и индейкой, 15 кг",https://4lapy.ru//catalog/sobaki/korm-sobaki/sukhoy-korm-sobaki/korm-suhoy-dlya-vzroslyh-sobak-vseh-porod-chuvstvitelnoe-pishchevarenie-yagnenok-indeyka.html?offer=80172,['5905'],540,Brit
119933,"N&D PUMPKIN сухой корм для щенков мелких пород, с ягненком, тыквой и черникой, 800г",https://4lapy.ru//catalog/sobaki/korm-sobaki/sukhoy-korm-sobaki/farmina-n-d-dog-gf-pumpkin-lamb-blueberry-puppy-mini-800-gr.html?offer=119934,[''],1353,Farmina
154316,"Сухой корм на основе свежего мяса для взрослых собак мелких пород, с ягненком 1,5 кг",https://4lapy.ru//catalog/sobaki/korm-sobaki/sukhoy-korm-sobaki/sukhoy-korm-na-osnove-svezhego-myasa-dlya-vzroslykh-sobak-melkikh-porod-s-yagnenkom-400g.html?offer=154325,[''],377,Aвва
155220,"Fresh Meat Сухой корм для собак мелких пород, с курицей, 1,5 кг",https://4lapy.ru//catalog/sobaki/korm-sobaki/sukhoy-korm-sobaki/fresh-meat-suhoy-korm-dlya-sobak-melkih-porod-s-kuricey-1-5-kg1.html?offer=140803,[''],454,Grandin
70931,"Science Plan Small Miniature сухой корм для собак мелких и миниатюрных пород, с курицей, 1,5кг",https://4lapy.ru//catalog/sobaki/korm-sobaki/sukhoy-korm-sobaki/hills_suhoy_korm_dlya_sobak_melkih_i_karlikovyh_porod_kuricey_1_5_kg.html?offer=42466,['1487'],299,Hill's
155675,"Корм сухой для щенков, с ягненком и индейкой, 10 кг",https://4lapy.ru//catalog/sobaki/korm-sobaki/sukhoy-korm-sobaki/korm-sukhoy-dlya-shchenkov-s-yagnenkom-i-indeykoy-10kg.html?offer=155676,[''],7250,Grandorf
146997,Natural Instinct Корм сухой для щенков,https://4lapy.ru//catalog/sobaki/korm-sobaki/sukhoy-korm-sobaki/natural-instinct-korm-suhoy-dlya-shchenkov.html?offer=146999,[''],1551,Dog & Dog Wild
145780,"Adult Care Dermatologic Сухой корм для собак всех пород склонных к дерматологической чувствительности, с лососем, 3 кг",https://4lapy.ru//catalog/sobaki/korm-sobaki/sukhoy-korm-sobaki/ownat-care-dlya-sobak-vseh-porod-dermatologic-s-lososem-pak-3kg.html?offer=145781,[''],2565,Ownat
31794,"Science Plan Advanced Fitness сухой корм для собак средних пород, с курицей, 12кг",https://4lapy.ru//catalog/sobaki/korm-sobaki/sukhoy-korm-sobaki/Korm_dlya_sobak_Hills_s_kuritsey_mesh__12kg_1003652.html?offer=31795,['8259'],6408,Hill's
154320,"Senior Сухой корм на основе свежего мяса для собак мелких пород, с индейкой, 1,5 кг",https://4lapy.ru//catalog/sobaki/korm-sobaki/sukhoy-korm-sobaki/sukhoy-korm-na-osnove-svezhego-myasa-dlya-sobak-senor-melkikh-porod-s-indeykoy-400g.html?offer=154329,[''],377,Aвва
31909,"Prescription Diet z/d Food Sensitivities сухой корм для собак, диетический гипоаллергенный, 3кг",https://4lapy.ru//catalog/sobaki/korm-sobaki/sukhoy-korm-sobaki/Hills_ZD_dieticheskiy_suhoy_korm_dlya_sobak_ultra_dlyaecheniya_allergii.html?offer=43629,[''],5215,Hill's
42302,"Корм для собак крупных пород старше 1 года, с цыпленком, меш. 18 кг",https://4lapy.ru//catalog/sobaki/korm-sobaki/sukhoy-korm-sobaki/Nasha_Marka_suhoy_korm_dlya_sobak_krupnyh_porod_s_tsyplenkom.html?offer=88466,[''],707,Наша Марка
148077,"Premium Adult Сухой корм для собак мелких пород, индейка, 1,5 кг",https://4lapy.ru//catalog/sobaki/korm-sobaki/sukhoy-korm-sobaki/avva-premium-suh-400g-dlya-sobak-melkih-porod-indeyka.html?offer=148083,[''],251,Aвва
151184,"Mini Junior Ultra Корм сухой для щенков мелких пород, с курицей и индейкой, 1 кг",https://4lapy.ru//catalog/sobaki/korm-sobaki/sukhoy-korm-sobaki/ultra-korm-dlya-shchenkov-melkih-porod-s-kuricey-i-indeykoy.html?offer=113397,[''],484,Ownat
119912,"N&D PUMPKIN сухой корм для собак мелких пород, с курицей, тыквой и гранатом, 2,5кг",https://4lapy.ru//catalog/sobaki/korm-sobaki/sukhoy-korm-sobaki/farmina-n-d-dog-gf-pumpkin-chicken-pomegranate-adult-mini-800-gr.html?offer=119914,[''],1353,Farmina
82114,"Medium Adult корм для взрослых собак средних пород с нормальной физической активностью, с курицей, 12 кг",https://4lapy.ru//catalog/sobaki/korm-sobaki/sukhoy-korm-sobaki/monge-dog-medium-korm-dlya-vzroslyh-sobak-srednih-porod-3-kg.html?offer=82116,[''],2187,Monge
43589,"Premium Puppy Large сухой корм для щенков крупных пород, с курицей, 12 кг",https://4lapy.ru//catalog/sobaki/korm-sobaki/sukhoy-korm-sobaki/Avva_Premium_suhoy_korm_dlya_shchenkov_krupnyh_porod_kuritsa.html?offer=45807,[''],1017,Aвва
45783,"Science Plan Healthy Development сухой корм для щенков средних пород, ягненок с рисом, 12кг",https://4lapy.ru//catalog/sobaki/korm-sobaki/sukhoy-korm-sobaki/Hills_suhoy_korm_dlya_shchenkov_i_beremennyh_sobak_yagnenokris.html?offer=42464,['9999'],809,Hill's
151178,"Mini Adult Classic Сухой корм для взрослых собак мелких пород, с курицей, 1,5 кг",https://4lapy.ru//catalog/sobaki/korm-sobaki/sukhoy-korm-sobaki/classic-korm-dlya-sobak-melkih-porod-s-kuricey.html?offer=138276,[''],348,Ownat
46862,"Opti Digest сухой корм для взрослых собак для мелких и карликовых пород при чувствительном пищеварении с ягненком, 3 кг",https://4lapy.ru//catalog/sobaki/korm-sobaki/sukhoy-korm-sobaki/Pro_Plan_suhoy_korm_dlya_sobak_melkih_i_karlikovyh_porod_s_chuvstvit_pishchevaren_yagnenokg.html?offer=46863,['2689'],519,Pro Plan ®
82168,"All Breeds Adult корм для взрослых собак всех пород, с лососем и рисом, 12 кг",https://4lapy.ru//catalog/sobaki/korm-sobaki/sukhoy-korm-sobaki/monge-dog-speciality-korm-dlya-sobak-vseh-porod-losos-s-risom-12-kg.html?offer=82169,[''],2363,Monge
146692,"Mini сухой корм для собак мелких пород с уткой, рисом и картофелем, 2,5 кг",https://4lapy.ru//catalog/sobaki/korm-sobaki/sukhoy-korm-sobaki/korm-suhoy-dlya-sobak-melkih-porod-s-utkoy-risom-i-kartofelem.html?offer=146694,[''],596,UNICA
42369,"Giant Adult 28 корм для взрослых собак гигантских пород старше 18/24 месяцев, 15 кг",https://4lapy.ru//catalog/sobaki/korm-sobaki/sukhoy-korm-sobaki/Royal_Canin_Giant_Adult_28_suhoy_korm_dlya_sobak_ochen_krupnyh_porod_15_kg_1000618.html?offer=42370,[''],2187,Royal Canin
143067,"Prescription Diet Metabolic Mini сухой корм для собак мелких пород для снижения и контроля веса с курицей, 1 кг",https://4lapy.ru//catalog/sobaki/korm-sobaki/sukhoy-korm-sobaki/pd-meta-korm-d-sob-kor-vesa-mini-6h1kg.html?offer=143068,[''],1682,Hill's
42349,"Opti Digest сухой корм для щенков для средних пород при чувствительном пищеварении с ягненком, 3 кг",https://4lapy.ru//catalog/sobaki/korm-sobaki/sukhoy-korm-sobaki/Pro_Plan_Puppy_suhoy_korm_dlya_shchenkov_s_chuvstvitelnym_pishchevareniem_yagnenok.html?offer=42350,[''],1182,Pro Plan ®
44657,"Gastro Intestinal Low Fat LF22 корм для собак при нарушении пищеварения, 1,5 кг",https://4lapy.ru//catalog/sobaki/korm-sobaki/sukhoy-korm-sobaki/Gastro_Intestinal_Low_Fat_dieticheskiy_suhoy_korm_dlya_sobak_pri_narusheniyah_pishchevareniya_15_kg_1009201.html?offer=44658,[''],2061,Royal Canin
143071,"Prescription Diet i-d Stress Mini Digestive Care сухой корм для собак мелких пород при расстройствах ЖКТ, вызванных стрессом, с курицей, 1 кг",https://4lapy.ru//catalog/sobaki/korm-sobaki/sukhoy-korm-sobaki/pd-i-d-korm-d-sob-zhkt-stress-mini-4h3kg.html?offer=143369,[''],1723,Hill's
